{
"lengthUnit": "mil",
"components": {
	"fields": ["COMPONENT_NO", "COMPONENT_NAME", "LAYER", "X_COORDINATE", "Y_COORDINATE", "ANGLE"],
	"rows": [
		[1, "USB1", "B", 866.14, -3070.87, 0],
		[2, "USB2", "T", -433.07, -39.37, 0]
	]
},
"pins": {
	"fields": ["PIN_NO", "PIN_NAME", "PIN_X", "PIN_Y", "LAYER", "PIN_TYPE", "NET_NAME", "NET_TYPE", "PAD_SHAPE", "PAD_SIZEX", "PAD_SIZEY", "HOLE_SIZE", "PAD_ANGLE"],
	"rows": [
		[1, "USB1_1", 917.33, -3042.32, "B", "SMD", "VCC", "", "R", 13.78, 59.06, 0, 0],
		[2, "USB1_2", 891.74, -3042.32, "B", "SMD", "D-", "", "R", 13.78, 59.06, 0, 0],
		[3, "USB1_3", 866.15, -3042.32, "B", "SMD", "D+", "", "R", 13.78, 59.06, 0, 0],
		[4, "USB1_4", 840.55, -3042.32, "B", "SMD", "ID", "", "R", 13.78, 59.06, 0, 0],
		[5, "USB1_5", 814.96, -3042.32, "B", "SMD", "GND", "GND", "R", 13.78, 59.06, 0, 0],
		[6, "USB1_6", 1035.44, -3105.32, "T", "DIP", "GND", "GND", "O", 39.37, 70.87, 47.24, 180],
		[7, "USB1_6", 1035.44, -3105.32, "B", "DIP", "GND", "GND", "O", 39.37, 70.87, 47.24, 180],
		[8, "USB1_6", 696.85, -3105.32, "T", "DIP", "GND", "GND", "O", 39.37, 70.87, 47.24, 180],
		[9, "USB1_6", 696.85, -3105.32, "B", "DIP", "GND", "GND", "O", 39.37, 70.87, 47.24, 180],
		[10, "USB1_7", 1030.51, -3036.42, "B", "SMD", "GND", "GND", "R", 59.05, 43.31, 0, 180],
		[11, "USB1_7", 701.77, -3036.42, "B", "SMD", "GND", "GND", "R", 59.05, 43.31, 0, 180],
		[12, "USB2_1", -381.89, -67.91, "T", "SMD", "VCC", "", "R", 13.78, 59.06, 0, 0],
		[13, "USB2_2", -407.48, -67.91, "T", "SMD", "D-", "", "R", 13.78, 59.06, 0, 0],
		[14, "USB2_3", -433.07, -67.91, "T", "SMD", "D+", "", "R", 13.78, 59.06, 0, 0],
		[15, "USB2_4", -458.67, -67.91, "T", "SMD", "ID", "", "R", 13.78, 59.06, 0, 0],
		[16, "USB2_5", -484.26, -67.91, "T", "SMD", "GND", "GND", "R", 13.78, 59.06, 0, 0],
		[17, "USB2_6", -263.78, -4.92, "T", "DIP", "GND", "GND", "O", 39.37, 70.87, 47.24, 180],
		[18, "USB2_6", -263.78, -4.92, "B", "DIP", "GND", "GND", "O", 39.37, 70.87, 47.24, 180],
		[19, "USB2_6", -602.37, -4.92, "T", "DIP", "GND", "GND", "O", 39.37, 70.87, 47.24, 180],
		[20, "USB2_6", -602.37, -4.92, "B", "DIP", "GND", "GND", "O", 39.37, 70.87, 47.24, 180],
		[21, "USB2_7", -268.71, -73.82, "T", "SMD", "GND", "GND", "R", 59.05, 43.31, 0, 180],
		[22, "USB2_7", -597.45, -73.82, "T", "SMD", "GND", "GND", "R", 59.05, 43.31, 0, 180]
	]
}
}